TweetId,Sentiment
1,P
2,N
3,N
4,N
5,P
6,N
7,P
8,P
9,N
10,N
11,P
12,N
13,P
14,P
15,N
16,P
17,P
18,P
19,N
20,P
21,N
22,N
23,P
24,P
25,P
26,N
27,N
28,N
29,N
30,N
31,N
32,N
33,P
34,N
35,N
36,P
37,P
38,N
39,P
40,P
41,P
42,P
43,N
44,P
45,P
46,P
47,P
48,N
49,N
50,N
51,P
52,P
53,P
54,N
55,P
56,P
57,P
58,P
59,P
60,P
61,N
62,P
63,P
64,N
65,N
66,N
67,N
68,P
69,N
70,N
71,P
72,N
73,N
74,P
75,P
76,N
77,N
78,P
79,P
80,P
81,N
82,N
83,N
84,P
85,P
86,N
87,P
88,P
89,P
90,N
91,P
92,P
93,N
94,N
95,P
96,P
97,P
98,P
99,P
100,P
101,N
102,P
103,N
104,N
105,P
106,N
107,P
108,P
109,N
110,N
111,N
112,N
113,P
114,P
115,N
116,P
117,P
118,N
119,N
120,N
121,N
122,P
123,N
124,P
125,N
126,N
127,P
128,N
129,N
130,P
131,N
132,N
133,N
134,N
135,N
136,P
137,N
138,N
139,P
140,P
141,N
142,N
143,N
144,P
145,N
146,N
147,P
148,P
149,P
150,P
151,N
152,N
153,P
154,N
155,N
156,N
157,P
158,N
159,N
160,P
161,P
162,P
163,P
164,N
165,P
166,P
167,P
168,N
169,P
170,N
171,N
172,N
173,P
174,P
175,P
176,P
177,N
178,P
179,P
180,N
181,N
182,N
183,N
184,P
185,N
186,P
187,N
188,P
189,P
190,P
191,P
192,P
193,P
194,P
195,N
196,P
197,N
198,P
199,P
200,P
201,P
202,N
203,N
204,N
205,P
206,P
207,P
208,P
209,N
210,N
211,P
212,N
213,P
214,N
215,N
216,P
217,N
218,P
219,N
220,P
221,N
222,N
223,P
224,P
225,N
226,N
227,P
228,N
229,N
230,P
231,P
232,N
233,P
234,N
235,N
236,N
237,N
238,P
239,N
240,P
241,N
242,N
243,N
244,P
245,P
246,N
247,N
248,P
249,P
250,P
251,N
252,N
253,P
254,N
255,N
256,N
257,P
258,P
259,P
260,N
261,N
262,P
263,N
264,N
265,N
266,N
267,P
268,N
269,P
270,P
271,N
272,N
273,N
274,N
275,P
276,P
277,P
278,P
279,P
280,P
281,N
282,N
283,P
284,N
285,N
286,P
287,N
288,N
289,P
290,P
291,P
292,N
293,P
294,P
295,N
296,N
297,P
298,N
299,P
300,N
301,P
302,P
303,N
304,P
305,N
306,P
307,N
308,P
309,N
310,P
311,P
312,N
313,N
314,N
315,N
316,P
317,P
318,N
319,N
320,P
321,N
322,N
323,P
324,N
325,P
326,P
327,P
328,P
329,N
330,N
331,N
332,N
333,P
334,P
335,P
336,N
337,P
338,N
339,N
340,N
341,N
342,P
343,P
344,N
345,N
346,P
347,N
348,P
349,P
350,P
351,N
352,N
353,N
354,P
355,N
356,P
357,P
358,N
359,P
360,N
361,P
362,N
363,N
364,N
365,N
366,N
367,P
368,P
369,P
370,N
371,N
372,P
373,P
374,P
375,N
376,N
377,P
378,P
379,N
380,P
381,P
382,P
383,N
384,N
385,N
386,N
387,N
388,P
389,P
390,P
391,N
392,N
393,P
394,P
395,N
396,P
397,P
398,N
399,N
400,P
401,P
402,P
403,P
404,P
405,N
406,N
407,P
408,P
409,P
410,P
411,N
412,P
413,P
414,N
415,P
416,N
417,N
418,P
419,N
420,N
421,N
422,N
423,P
424,N
425,P
426,P
427,N
428,N
429,P
430,P
431,N
432,P
433,N
434,P
435,N
436,N
437,N
438,P
439,N
440,N
441,N
442,P
443,P
444,P
445,N
446,N
447,N
448,N
449,P
450,N
451,N
452,P
453,N
454,N
455,P
456,N
457,N
458,P
459,P
460,P
461,P
462,P
463,N
464,N
465,P
466,P
467,N
468,N
469,N
470,P
471,P
472,P
473,P
474,P
475,N
476,N
477,P
478,P
479,P
480,P
481,N
482,N
483,N
484,P
485,P
486,N
487,N
488,N
489,N
490,N
491,P
492,N
493,P
494,P
495,P
496,P
497,N
498,N
499,N
500,P
501,N
502,P
503,P
504,N
505,P
506,N
507,N
508,N
509,N
510,N
511,N
512,N
513,P
514,N
515,P
516,P
517,N
518,P
519,P
520,N
521,P
522,N
523,N
524,N
525,N
526,P
527,N
528,N
529,P
530,P
531,N
532,N
533,P
534,N
535,P
536,P
537,N
538,P
539,P
540,P
541,N
542,P
543,P
544,P
545,N
546,N
547,N
548,P
549,N
550,N
551,N
552,N
553,P
554,N
555,N
556,P
557,P
558,N
559,N
560,P
561,N
562,P
563,P
564,P
565,N
566,N
567,P
568,P
569,N
570,P
571,N
572,P
573,P
574,P
575,P
576,P
577,P
578,N
579,N
580,P
581,N
582,N
583,N
584,P
585,P
586,P
587,N
588,P
589,N
590,N
591,P
592,N
593,P
594,P
595,P
596,P
597,N
598,N
599,P
600,N
601,P
602,N
603,P
604,P
605,P
606,P
607,P
608,P
609,P
610,N
611,N
612,P
613,P
614,P
615,P
616,N
617,P
618,P
619,P
620,P
621,P
622,N
623,N
624,N
625,N
626,N
627,P
628,P
629,N
630,P
631,P
632,P
633,N
634,N
635,P
636,P
637,P
638,P
639,N
640,N
641,N
642,N
643,N
644,N
645,P
646,N
647,N
648,P
649,P
650,P
651,N
652,N
653,N
654,N
655,N
656,N
657,N
658,N
659,N
660,N
661,P
662,P
663,N
664,P
665,N
666,P
667,P
668,P
669,P
670,N
671,P
672,N
673,N
674,N
675,N
676,N
677,P
678,N
679,N
680,N
681,N
682,N
683,N
684,N
685,P
686,P
687,N
688,P
689,P
690,N
691,N
692,N
693,N
694,P
695,N
696,P
697,N
698,P
699,P
700,N
701,N
702,P
703,N
704,N
705,N
706,P
707,P
708,P
709,N
710,N
711,P
712,P
713,P
714,P
715,N
716,N
717,N
718,P
719,N
720,N
721,N
722,N
723,N
724,P
725,N
726,P
727,N
728,P
729,P
730,N
731,P
732,N
733,N
734,P
735,P
736,N
737,P
738,P
739,N
740,N
741,N
742,P
743,P
744,N
745,N
746,P
747,P
748,P
749,P
750,N
751,P
752,P
753,N
754,N
755,N
756,P
757,P
758,N
759,N
760,N
761,N
762,N
763,N
764,P
765,P
766,N
767,P
768,P
769,P
770,N
771,P
772,N
773,N
774,P
775,N
776,P
777,P
778,P
779,P
780,N
781,N
782,P
783,N
784,N
785,N
786,P
787,N
788,P
789,P
790,P
791,P
792,P
793,N
794,N
795,N
796,P
797,N
798,P
799,N
800,N
801,N
802,P
803,N
804,P
805,P
806,N
807,P
808,P
809,P
810,P
811,P
812,P
813,P
814,N
815,P
816,N
817,N
818,N
819,N
820,P
821,P
822,N
823,P
824,N
825,P
826,P
827,N
828,N
829,N
830,N
831,P
832,P
833,P
834,P
835,P
836,P
837,N
838,P
839,P
840,P
841,P
842,P
843,N
844,N
845,P
846,P
847,N
848,N
849,N
850,P
851,N
852,N
853,N
854,N
855,N
856,P
857,N
858,P
859,N
860,N
861,N
862,P
863,N
864,N
865,P
866,N
867,P
868,N
869,P
870,N
871,N
872,P
873,N
874,N
875,N
876,P
877,N
878,P
879,N
880,N
881,P
882,N
883,N
884,P
885,N
886,N
887,N
888,N
889,P
890,N
891,N
892,P
893,P
894,P
895,P
896,P
897,P
898,P
899,P
900,N
901,N
902,N
903,P
904,N
905,P
906,N
907,N
908,P
909,N
910,P
911,N
912,N
913,N
914,P
915,N
916,N
917,P
918,N
919,N
920,N
921,N
922,P
923,N
924,N
925,P
926,N
927,P
928,P
929,N
930,N
931,N
932,N
933,P
934,P
935,P
936,N
937,P
938,P
939,P
940,P
941,N
942,N
943,P
944,N
945,P
946,N
947,P
948,N
949,N
950,N
951,N
952,N
953,P
954,P
955,P
956,N
957,N
958,P
959,P
960,P
961,N
962,P
963,N
964,N
965,P
966,P
967,P
968,N
969,N
970,N
971,P
972,P
973,P
974,P
975,P
976,N
977,N
978,P
979,P
980,P
981,P
982,N
983,N
984,N
985,N
986,P
987,P
988,N
989,P
990,P
991,N
992,N
993,P
994,N
995,N
996,N
997,P
998,N
999,P
1000,N
1001,N
1002,N
1003,N
1004,P
1005,N
1006,N
1007,P
1008,P
1009,P
1010,P
1011,P
1012,N
1013,P
1014,N
1015,N
1016,P
1017,P
1018,N
1019,N
1020,P
1021,N
1022,P
1023,P
1024,N
1025,N
1026,N
1027,N
1028,P
1029,N
1030,P
1031,N
1032,P
1033,N
1034,N
1035,N
1036,N
1037,P
1038,P
1039,P
1040,N
1041,P
1042,N
1043,P
1044,N
1045,N
1046,N
1047,N
1048,N
1049,N
1050,P
1051,P
1052,P
1053,N
1054,P
1055,N
1056,N
1057,P
1058,N
1059,P
1060,P
1061,P
1062,N
1063,N
1064,P
1065,N
1066,P
1067,N
1068,P
1069,P
1070,P
1071,N
1072,P
1073,P
1074,N
1075,P
1076,P
1077,N
1078,N
1079,P
1080,P
1081,P
1082,P
1083,N
1084,P
1085,P
1086,N
1087,N
1088,P
1089,N
1090,P
1091,P
1092,P
1093,P
1094,P
1095,N
1096,N
1097,N
1098,N
1099,N
1100,N
1101,N
1102,N
1103,N
1104,P
1105,P
1106,P
1107,P
1108,P
1109,P
1110,N
1111,P
1112,N
1113,P
1114,N
1115,P
1116,P
1117,P
1118,N
1119,N
1120,P
1121,P
1122,N
1123,P
1124,N
1125,N
1126,N
1127,N
1128,P
1129,N
1130,N
1131,N
1132,N
1133,P
1134,N
1135,N
1136,P
1137,N
1138,P
1139,N
1140,P
1141,P
1142,N
1143,P
1144,N
1145,N
1146,N
1147,N
1148,N
1149,P
1150,N
1151,P
1152,P
1153,P
1154,N
1155,N
1156,N
1157,N
1158,N
1159,N
1160,P
1161,N
1162,N
1163,P
1164,P
1165,N
1166,N
1167,P
1168,P
1169,P
1170,P
1171,P
1172,N
1173,P
1174,N
1175,N
1176,P
1177,N
1178,N
1179,N
1180,N
1181,P
1182,P
1183,P
1184,N
1185,P
1186,N
1187,N
1188,N
1189,P
1190,P
1191,N
1192,N
1193,N
1194,N
1195,P
1196,P
1197,N
1198,P
1199,N
1200,N
1201,P
1202,N
1203,N
1204,P
1205,N
1206,P
1207,N
1208,N
1209,N
1210,N
1211,N
1212,P
1213,P
1214,N
1215,N
1216,P
1217,N
1218,N
1219,N
1220,N
1221,P
1222,N
1223,P
1224,P
1225,P
1226,P
1227,N
1228,N
1229,N
1230,P
1231,P
1232,P
1233,P
1234,P
1235,N
1236,P
1237,P
1238,N
1239,N
1240,P
1241,N
1242,P
1243,N
1244,N
1245,N
1246,N
1247,P
1248,N
1249,P
1250,N
1251,N
1252,P
1253,P
1254,P
1255,P
1256,P
1257,N
1258,N
1259,P
1260,N
1261,N
1262,N
1263,P
1264,N
1265,N
1266,N
1267,N
1268,P
1269,P
1270,P
1271,N
1272,P
1273,P
1274,N
1275,P
1276,N
1277,P
1278,P
1279,P
1280,P
1281,P
1282,N
1283,P
1284,P
1285,N
1286,P
1287,P
1288,N
1289,N
1290,N
1291,P
1292,N
1293,P
1294,N
1295,P
1296,N
1297,P
1298,P
1299,P
1300,P
1301,N
1302,N
1303,P
1304,N
1305,P
1306,P
1307,P
1308,P
1309,N
1310,P
1311,N
1312,P
1313,P
1314,N
1315,P
1316,N
1317,N
1318,P
1319,N
1320,P
1321,P
1322,P
1323,N
1324,N
1325,P
1326,N
1327,N
1328,N
1329,P
1330,N
1331,P
1332,N
1333,N
1334,N
1335,N
1336,N
1337,N
1338,P
1339,P
1340,N
1341,P
1342,N
1343,P
1344,N
1345,N
1346,N
1347,N
1348,N
1349,P
1350,N
1351,P
1352,N
1353,P
1354,P
1355,N
1356,N
1357,P
1358,N
1359,N
1360,P
1361,N
1362,P
1363,N
1364,P
1365,P
1366,N
1367,P
1368,N
1369,N
1370,P
1371,N
1372,N
1373,N
1374,P
1375,N
1376,N
1377,N
1378,P
1379,N
1380,N
1381,N
1382,N
1383,N
1384,P
1385,N
1386,P
1387,P
1388,P
1389,N
1390,P
1391,P
1392,N
1393,P
1394,P
1395,N
1396,P
1397,P
1398,P
1399,P
1400,N
1401,N
1402,N
1403,N
1404,N
1405,N
1406,N
1407,N
1408,P
1409,P
1410,N
1411,N
1412,P
1413,P
1414,N
1415,N
1416,N
1417,P
1418,N
1419,N
1420,P
1421,P
1422,N
1423,N
1424,P
1425,N
1426,N
1427,N
1428,N
1429,P
1430,N
1431,P
1432,P
1433,N
1434,P
1435,N
1436,P
1437,P
1438,N
1439,P
1440,N
1441,N
1442,N
1443,N
1444,N
1445,P
1446,N
1447,P
1448,N
1449,P
1450,P
1451,P
1452,P
1453,P
1454,N
1455,N
1456,P
1457,N
1458,N
1459,P
1460,N
1461,N
1462,P
1463,P
1464,P
1465,N
1466,N
1467,N
1468,N
1469,P
1470,N
1471,P
1472,P
1473,N
1474,P
1475,P
1476,N
1477,N
1478,N
1479,P
1480,N
1481,N
1482,P
1483,P
1484,N
1485,N
1486,P
1487,N
1488,P
1489,N
1490,P
1491,P
1492,N
1493,N
1494,P
1495,N
1496,N
1497,N
1498,P
1499,P
1500,N
1501,N
1502,P
1503,N
1504,N
1505,N
1506,N
1507,N
1508,N
1509,N
1510,P
1511,N
1512,N
1513,P
1514,P
1515,P
1516,N
1517,P
1518,P
1519,P
1520,P
1521,P
1522,N
1523,P
1524,N
1525,P
1526,P
1527,N
1528,N
1529,N
1530,N
1531,N
1532,P
1533,N
1534,N
1535,N
1536,P
1537,N
1538,N
1539,N
1540,N
1541,N
1542,N
1543,N
1544,P
1545,P
1546,N
1547,P
1548,P
1549,N
1550,P
1551,N
1552,N
1553,N
1554,N
1555,N
1556,P
1557,N
1558,P
1559,N
1560,N
1561,N
1562,P
1563,N
1564,N
1565,P
1566,N
1567,P
1568,N
1569,N
1570,N
1571,N
1572,P
1573,N
1574,N
1575,N
1576,N
1577,P
1578,N
1579,P
1580,P
1581,P
1582,N
1583,N
1584,P
1585,N
1586,N
1587,P
1588,N
1589,P
1590,P
1591,N
1592,N
1593,P
1594,N
1595,N
1596,P
1597,N
1598,N
1599,P
1600,N
1601,P
1602,P
1603,P
1604,P
1605,N
1606,N
1607,P
1608,N
1609,N
1610,P
1611,P
1612,P
1613,P
1614,N
1615,P
1616,P
1617,P
1618,P
1619,P
1620,P
1621,P
1622,N
1623,N
1624,N
1625,N
1626,P
1627,N
1628,P
1629,P
1630,N
1631,P
1632,P
1633,N
1634,N
1635,N
1636,N
1637,P
1638,P
1639,P
1640,N
1641,N
1642,N
1643,P
1644,P
1645,P
1646,P
1647,N
1648,P
1649,N
1650,N
1651,N
1652,N
1653,P
1654,P
1655,P
1656,N
1657,P
1658,N
1659,N
1660,P
1661,P
1662,N
1663,P
1664,N
1665,P
1666,P
1667,N
1668,P
1669,P
1670,N
1671,P
1672,P
1673,P
1674,N
1675,P
1676,P
1677,N
1678,N
1679,N
1680,N
1681,N
1682,N
1683,N
1684,N
1685,N
1686,N
1687,P
1688,N
1689,N
1690,N
1691,N
1692,N
1693,N
1694,P
1695,N
1696,P
1697,P
1698,P
1699,N
1700,P
1701,P
1702,N
1703,P
1704,P
1705,N
1706,N
1707,P
1708,P
1709,P
1710,N
1711,P
1712,P
1713,N
1714,P
1715,N
1716,P
1717,P
1718,N
1719,P
1720,P
1721,N
1722,N
1723,N
1724,N
1725,P
1726,P
1727,N
1728,P
1729,N
1730,N
1731,N
1732,N
1733,P
1734,N
1735,N
1736,N
1737,N
1738,N
1739,N
1740,P
1741,P
1742,P
1743,P
1744,P
1745,N
1746,P
1747,P
1748,P
1749,N
1750,P
1751,N
1752,P
1753,P
1754,N
1755,N
1756,P
1757,N
1758,N
1759,P
1760,P
1761,P
1762,N
1763,N
1764,P
1765,P
1766,N
1767,P
1768,P
1769,P
1770,P
1771,P
1772,P
1773,N
1774,P
1775,P
1776,P
1777,P
1778,P
1779,N
1780,P
1781,N
1782,N
1783,N
1784,P
1785,N
1786,P
1787,P
1788,P
1789,P
1790,N
1791,N
1792,P
1793,P
1794,N
1795,P
1796,N
1797,P
1798,N
1799,N
1800,N
1801,N
1802,N
1803,N
1804,N
1805,P
1806,N
1807,N
1808,P
1809,P
1810,P
1811,P
1812,N
1813,N
1814,N
1815,P
1816,P
1817,P
1818,N
1819,P
1820,P
1821,N
1822,P
1823,P
1824,P
1825,P
1826,P
1827,P
1828,P
1829,N
1830,N
1831,N
1832,N
1833,N
1834,P
1835,P
1836,P
1837,P
1838,N
1839,P
1840,P
1841,N
1842,N
1843,P
1844,N
1845,N
1846,P
1847,P
1848,P
1849,P
1850,N
1851,P
1852,P
1853,P
1854,N
1855,N
1856,P
1857,N
1858,P
1859,N
1860,N
1861,N
1862,P
1863,P
1864,P
1865,N
1866,P
1867,P
1868,N
1869,N
1870,N
1871,N
1872,N
1873,P
1874,P
1875,P
1876,N
1877,N
1878,P
1879,N
1880,P
1881,N
1882,P
1883,N
1884,P
1885,N
1886,N
1887,P
1888,N
1889,P
1890,P
1891,N
1892,P
1893,P
1894,P
1895,P
1896,P
1897,N
1898,N
1899,N
1900,P
1901,N
1902,N
1903,N
1904,N
1905,N
1906,P
1907,P
1908,P
1909,P
1910,P
1911,N
1912,N
1913,N
1914,P
1915,N
1916,N
1917,N
1918,P
1919,N
1920,N
1921,N
1922,N
1923,P
1924,P
1925,P
1926,P
1927,P
1928,N
1929,N
1930,P
1931,P
1932,P
1933,P
1934,P
1935,N
1936,P
1937,N
1938,P
1939,P
1940,N
1941,P
1942,N
1943,P
1944,N
1945,P
1946,N
1947,P
1948,N
1949,P
1950,P
1951,P
1952,N
1953,N
1954,N
1955,N
1956,N
1957,N
1958,N
1959,P
1960,P
1961,P
1962,N
1963,N
1964,P
1965,N
1966,P
1967,P
1968,N
1969,P
1970,N
1971,P
1972,P
1973,P
1974,N
1975,P
1976,P
1977,N
1978,P
1979,P
1980,N
1981,N
1982,P
1983,N
1984,N
1985,P
1986,N
1987,N
1988,N
1989,P
1990,N
1991,N
1992,P
1993,N
1994,P
1995,P
1996,P
1997,N
1998,P
1999,P
2000,N
2001,N
2002,P
2003,N
2004,N
2005,N
2006,P
2007,P
2008,P
2009,N
2010,P
2011,P
2012,N
2013,N
2014,N
2015,P
2016,P
2017,P
2018,P
2019,N
2020,P
2021,P
2022,P
2023,P
2024,N
2025,P
2026,P
2027,P
2028,P
2029,P
2030,N
2031,N
2032,P
2033,N
2034,N
2035,N
2036,N
2037,N
2038,N
2039,N
2040,P
2041,P
2042,P
2043,P
2044,N
2045,N
2046,P
2047,P
2048,N
2049,N
2050,N
2051,P
2052,N
2053,P
2054,N
2055,N
2056,P
2057,P
2058,N
2059,N
2060,N
2061,N
2062,P
2063,N
2064,P
2065,P
2066,P
2067,P
2068,P
2069,P
2070,N
2071,N
2072,P
2073,P
2074,N
2075,N
2076,P
2077,N
2078,N
2079,N
2080,N
2081,P
2082,N
2083,N
2084,N
2085,P
2086,N
2087,N
2088,P
2089,P
2090,N
2091,N
2092,P
2093,N
2094,N
2095,N
2096,P
2097,P
2098,N
2099,P
2100,P
2101,P
2102,N
2103,P
2104,N
2105,P
2106,N
2107,P
2108,N
2109,P
2110,N
2111,N
2112,N
2113,P
2114,P
2115,N
2116,N
2117,N
2118,P
2119,P
2120,N
2121,P
2122,P
2123,P
2124,N
2125,N
2126,P
2127,P
2128,P
2129,N
2130,N
2131,N
2132,P
2133,P
2134,N
2135,P
2136,N
2137,P
2138,P
2139,P
2140,N
2141,N
2142,P
2143,P
2144,P
2145,P
2146,P
2147,P
2148,P
2149,N
2150,N
2151,P
2152,P
2153,P
2154,N
2155,N
2156,P
2157,N
2158,P
2159,N
2160,N
2161,P
2162,N
2163,P
2164,N
2165,N
2166,P
2167,N
2168,P
2169,P
2170,N
2171,N
2172,N
2173,P
2174,N
2175,N
2176,N
2177,P
2178,P
2179,N
2180,N
2181,N
2182,P
2183,P
2184,P
2185,P
2186,N
2187,P
2188,N
2189,N
2190,P
2191,P
2192,N
2193,P
2194,P
2195,P
2196,P
2197,P
2198,N
2199,P
2200,N
2201,N
2202,N
2203,P
2204,P
2205,P
2206,P
2207,P
2208,P
2209,P
2210,P
2211,N
2212,P
2213,N
2214,N
2215,P
2216,N
2217,P
2218,N
2219,P
2220,N
2221,N
2222,P
2223,N
2224,N
2225,N
2226,P
2227,N
2228,P
2229,N
2230,N
2231,N
2232,N
2233,P
2234,N
2235,N
2236,P
2237,N
2238,P
2239,P
2240,N
2241,P
2242,N
2243,P
2244,N
2245,N
2246,N
2247,P
2248,N
2249,P
2250,N
2251,P
2252,P
2253,N
2254,P
2255,P
2256,N
2257,N
2258,P
2259,P
2260,N
2261,P
2262,P
2263,N
2264,P
2265,P
2266,P
2267,N
2268,P
2269,P
2270,N
2271,P
2272,N
2273,P
2274,P
2275,P
2276,P
2277,P
2278,P
2279,N
2280,P
2281,N
2282,P
2283,N
2284,P
2285,P
2286,N
2287,P
2288,N
2289,P
2290,N
2291,N
2292,N
2293,N
2294,P
2295,P
2296,N
2297,N
2298,N
2299,N
2300,P
2301,P
2302,N
2303,P
2304,P
2305,N
2306,N
2307,P
2308,P
2309,P
2310,N
2311,P
2312,N
2313,N
2314,P
2315,P
2316,N
2317,P
2318,N
2319,N
2320,P
2321,P
2322,N
2323,P
2324,N
2325,N
2326,N
2327,N
2328,N
2329,P
2330,N
2331,N
2332,P
2333,P
2334,N
2335,P
2336,N
2337,N
2338,N
2339,P
2340,P
2341,N
2342,N
2343,N
2344,N
2345,P
2346,N
2347,P
2348,P
2349,N
2350,P
2351,P
2352,N
2353,N
2354,P
2355,N
2356,N
2357,P
2358,P
2359,N
2360,N
2361,N
2362,N
2363,N
2364,N
2365,N
2366,N
2367,P
2368,N
2369,N
2370,P
2371,N
2372,N
2373,N
2374,P
2375,N
2376,P
2377,N
2378,P
2379,N
2380,P
2381,N
2382,P
2383,N
2384,N
2385,N
2386,N
2387,N
2388,N
2389,P
2390,P
2391,N
2392,P
2393,P
2394,P
2395,P
2396,N
2397,N
2398,P
2399,N
2400,N
2401,P
2402,N
2403,N
2404,P
2405,N
2406,N
2407,P
2408,P
2409,P
2410,P
2411,P
2412,N
2413,N
2414,P
2415,P
2416,N
2417,P
2418,P
2419,P
2420,P
2421,N
2422,N
2423,P
2424,N
2425,N
2426,P
2427,N
2428,N
2429,N
2430,P
2431,N
2432,N
2433,P
2434,N
2435,P
2436,N
2437,N
2438,N
2439,P
2440,N
2441,N
2442,N
2443,P
2444,N
2445,N
2446,N
2447,P
2448,P
2449,N
2450,N
2451,N
2452,N
2453,P
2454,N
2455,N
2456,N
2457,P
2458,N
2459,N
2460,N
2461,N
2462,P
2463,N
2464,N
2465,N
2466,P
2467,N
2468,P
2469,N
2470,P
2471,N
2472,N
2473,P
2474,P
2475,P
2476,N
2477,P
2478,N
2479,N
2480,N
2481,P
2482,P
2483,P
2484,N
2485,P
2486,P
2487,N
2488,N
2489,N
2490,N
2491,N
2492,N
2493,P
2494,P
2495,P
2496,N
2497,N
2498,N
2499,P
2500,P
2501,P
2502,P
2503,N
2504,N
2505,N
2506,P
2507,P
2508,N
2509,N
2510,P
2511,P
2512,N
2513,P
2514,N
2515,P
2516,N
2517,N
2518,N
2519,P
2520,P
2521,N
2522,P
2523,N
2524,P
2525,P
2526,P
2527,N
2528,P
2529,P
2530,N
2531,P
2532,P
2533,P
2534,P
2535,N
2536,P
2537,N
2538,N
2539,P
2540,N
2541,N
2542,P
2543,P
2544,P
2545,P
2546,N
2547,N
2548,N
2549,N
2550,N
2551,N
2552,P
2553,P
2554,N
2555,N
2556,P
2557,P
2558,P
2559,N
2560,N
2561,N
2562,N
2563,N
2564,P
2565,N
2566,P
2567,N
2568,N
2569,P
2570,P
2571,N
2572,P
2573,N
2574,N
2575,N
2576,N
2577,P
2578,N
2579,N
2580,N
2581,N
2582,P
2583,P
2584,N
2585,N
2586,N
2587,N
2588,N
2589,N
2590,P
2591,N
2592,N
2593,N
2594,N
2595,P
2596,N
2597,P
2598,P
2599,N
2600,N
2601,P
2602,N
2603,N
2604,P
2605,N
2606,N
2607,P
2608,P
2609,N
2610,P
2611,P
2612,P
2613,N
2614,N
2615,P
2616,N
2617,P
2618,N
2619,N
2620,N
2621,N
2622,P
2623,P
2624,P
2625,N
2626,P
2627,N
2628,N
2629,N
2630,N
2631,N
2632,P
2633,N
2634,P
2635,P
2636,N
2637,P
2638,P
2639,P
2640,N
2641,N
2642,N
2643,N
2644,P
2645,N
2646,P
2647,N
2648,N
2649,N
2650,P
2651,N
2652,N
2653,P
2654,N
2655,P
2656,N
2657,P
2658,P
2659,N
2660,N
2661,P
2662,P
2663,N
2664,N
2665,P
2666,P
2667,N
2668,N
2669,N
2670,N
2671,P
2672,P
2673,N
2674,P
2675,P
2676,N
2677,N
2678,P
2679,P
2680,N
2681,N
2682,P
2683,N
2684,N
2685,P
2686,N
2687,P
2688,P
2689,N
2690,P
2691,P
2692,N
2693,N
2694,N
2695,P
2696,N
2697,N
2698,P
2699,N
2700,N
2701,N
2702,P
2703,P
2704,P
2705,N
2706,P
2707,P
2708,P
2709,N
2710,N
2711,P
2712,P
2713,N
2714,P
2715,N
2716,P
2717,N
2718,P
2719,N
2720,P
2721,P
2722,N
2723,P
2724,N
2725,N
2726,P
2727,N
2728,P
2729,N
2730,N
2731,N
2732,N
2733,N
2734,P
2735,N
2736,P
2737,P
2738,N
2739,N
2740,N
2741,N
2742,P
2743,P
2744,N
2745,P
2746,N
2747,P
2748,P
2749,N
2750,N
2751,P
2752,N
2753,P
2754,N
2755,N
2756,N
2757,N
2758,N
2759,P
2760,P
2761,P
2762,N
2763,N
2764,P
2765,P
2766,N
2767,N
2768,N
2769,P
2770,P
2771,P
2772,P
2773,P
2774,P
2775,N
2776,N
2777,P
2778,N
2779,P
2780,P
2781,N
2782,P
2783,N
2784,N
2785,P
2786,N
2787,P
2788,P
2789,P
2790,N
2791,N
2792,P
2793,P
2794,N
2795,P
2796,P
2797,P
2798,N
2799,N
2800,P
2801,P
2802,P
2803,N
2804,N
2805,P
2806,N
2807,P
2808,P
2809,N
2810,P
2811,N
2812,N
2813,N
2814,P
2815,P
2816,N
2817,N
2818,P
2819,P
2820,P
2821,P
2822,N
2823,P
2824,P
2825,P
2826,P
2827,N
2828,N
2829,N
2830,P
2831,P
2832,N
2833,N
2834,N
2835,P
2836,P
2837,P
2838,N
2839,N
2840,N
2841,N
2842,N
2843,N
2844,N
2845,P
2846,N
2847,P
2848,N
2849,N
2850,N
2851,P
2852,P
2853,P
2854,P
2855,N
2856,N
2857,N
2858,P
2859,P
2860,P
2861,N
2862,P
2863,P
2864,P
2865,N
2866,N
2867,N
2868,N
2869,N
2870,P
2871,P
2872,N
2873,P
2874,P
2875,P
2876,N
2877,P
2878,N
2879,P
2880,P
2881,P
2882,N
2883,N
2884,N
2885,P
2886,P
2887,P
2888,P
2889,N
2890,N
2891,N
2892,P
2893,N
2894,N
2895,N
2896,N
2897,P
2898,P
2899,N
2900,P
2901,N
2902,P
2903,N
2904,P
2905,N
2906,N
2907,N
2908,P
2909,P
2910,N
2911,N
2912,N
2913,N
2914,N
2915,N
2916,P
2917,P
2918,N
2919,N
2920,N
2921,P
2922,P
2923,N
2924,P
2925,N
2926,P
2927,N
2928,N
2929,N
2930,P
2931,N
2932,P
2933,N
2934,P
2935,P
2936,N
2937,P
2938,N
2939,N
2940,N
2941,N
2942,P
2943,P
2944,N
2945,N
2946,N
2947,N
2948,P
2949,N
2950,N
2951,N
2952,P
2953,N
2954,N
2955,N
2956,P
2957,N
2958,N
2959,P
2960,N
2961,P
2962,N
2963,N
2964,P
2965,P
2966,N
2967,N
2968,N
2969,P
2970,N
2971,N
2972,N
2973,N
2974,N
2975,N
2976,N
2977,P
2978,N
2979,N
2980,N
2981,P
2982,N
2983,N
2984,N
2985,N
2986,N
2987,N
2988,N
2989,N
2990,N
2991,P
2992,P
2993,P
2994,P
2995,N
2996,N
2997,N
2998,P
2999,P
3000,N
